"rowNumber",Year","variable","value","date"
"1",2016,"Feb",132,"Feb-2016"
"2",2016,"Mar",128,"Mar-2016"
"3",2016,"Jan",115,"Jan-2016"
"4",2015,"Dec",110,"Dec-2015"
"5",2016,"Apr",108,"Apr-2016"
"6",2015,"Oct",107,"Oct-2015"
"7",2015,"Nov",101,"Nov-2015"
"8",2016,"Aug",98,"Aug-2016"
"9",2007,"Jan",96,"Jan-2007"
"10",2016,"May",93,"May-2016"
"11",2010,"Mar",92,"Mar-2010"
"12",2002,"Mar",91,"Mar-2002"
"13",2015,"Mar",91,"Mar-2015"
"14",2014,"Sep",90,"Sep-2014"
"15",1998,"Feb",89,"Feb-1998"
"16",2015,"Feb",87,"Feb-2015"
"17",2010,"Apr",87,"Apr-2010"
"18",2014,"May",86,"May-2014"
"19",2014,"Oct",86,"Oct-2014"
"20",2016,"Jul",85,"Jul-2016"
"21",2015,"Jan",82,"Jan-2015"
"22",2014,"Aug",82,"Aug-2014"
"23",2015,"Sep",81,"Sep-2015"
"24",2013,"Nov",81,"Nov-2013"
"25",2016,"Jun",80,"Jun-2016"
"26",2010,"Feb",79,"Feb-2010"
"27",2005,"Oct",79,"Oct-2005"
"28",2010,"Nov",79,"Nov-2010"
"29",2014,"Dec",79,"Dec-2014"
"30",2014,"Mar",78,"Mar-2014"
"31",2014,"Apr",78,"Apr-2014"
"32",2015,"May",78,"May-2015"
"33",1998,"Jun",78,"Jun-1998"
"34",2015,"Jun",78,"Jun-2015"
"35",2015,"Aug",78,"Aug-2015"
"36",2005,"Sep",78,"Sep-2005"
"37",2013,"Sep",78,"Sep-2013"
"38",2012,"Oct",78,"Oct-2012"
"39",1995,"Feb",77,"Feb-1995"
"40",2009,"Nov",77,"Nov-2009"
"41",2002,"Feb",76,"Feb-2002"
"42",1990,"Mar",76,"Mar-1990"
"43",2012,"May",76,"May-2012"
"44",2012,"Sep",76,"Sep-2012"
"45",2006,"Dec",76,"Dec-2006"
"46",2002,"Jan",75,"Jan-2002"
"47",2007,"Apr",75,"Apr-2007"
"48",2010,"May",75,"May-2010"
"49",2003,"Oct",75,"Oct-2003"
"50",2005,"Nov",75,"Nov-2005"
"51",2012,"Nov",75,"Nov-2012"
"52",2003,"Dec",75,"Dec-2003"
"53",2014,"Jan",74,"Jan-2014"
"54",2015,"Apr",74,"Apr-2015"
"55",2011,"Jul",74,"Jul-2011"
"56",2003,"Jan",73,"Jan-2003"
"57",2005,"Jan",73,"Jan-2005"
"58",2010,"Jan",73,"Jan-2010"
"59",2011,"Aug",73,"Aug-2011"
"60",2008,"Mar",72,"Mar-2008"
"61",2015,"Jul",72,"Jul-2015"
"62",2004,"Nov",72,"Nov-2004"
"63",2006,"Nov",72,"Nov-2006"
"64",2009,"Jul",71,"Jul-2009"
"65",2006,"Aug",71,"Aug-2006"
"66",2010,"Oct",71,"Oct-2010"
"67",2004,"Feb",70,"Feb-2004"
"68",2007,"Feb",70,"Feb-2007"
"69",2007,"Mar",70,"Mar-2007"
"70",1998,"May",70,"May-1998"
"71",1998,"Jul",70,"Jul-1998"
"72",2009,"Sep",70,"Sep-2009"
"73",2001,"Nov",70,"Nov-2001"
"74",2006,"Feb",69,"Feb-2006"
"75",2005,"Apr",69,"Apr-2005"
"76",2013,"Oct",69,"Oct-2013"
"77",2013,"Jan",68,"Jan-2013"
"78",2005,"Mar",68,"Mar-2005"
"79",2012,"Apr",68,"Apr-2012"
"80",2006,"Oct",68,"Oct-2006"
"81",2014,"Nov",68,"Nov-2014"
"82",2005,"Dec",68,"Dec-2005"
"83",2007,"May",67,"May-2007"
"84",1998,"Aug",67,"Aug-1998"
"85",2013,"Dec",67,"Dec-2013"
"86",1999,"Feb",66,"Feb-1999"
"87",2013,"Mar",66,"Mar-2013"
"88",2005,"Jun",66,"Jun-2005"
"89",2014,"Jun",66,"Jun-2014"
"90",2003,"Aug",66,"Aug-2003"
"91",2009,"Aug",66,"Aug-2009"
"92",2013,"Aug",66,"Aug-2013"
"93",2003,"Sep",66,"Sep-2003"
"94",2008,"Oct",66,"Oct-2008"
"95",2011,"Oct",66,"Oct-2011"
"96",2008,"Nov",66,"Nov-2008"
"97",2002,"May",65,"May-2002"
"98",2009,"May",65,"May-2009"
"99",2009,"Jun",65,"Jun-2009"
"100",2013,"Jun",65,"Jun-2013"
"101",2005,"Jul",65,"Jul-2005"
"102",2010,"Aug",65,"Aug-2010"
"103",2002,"Sep",65,"Sep-2002"
"104",2008,"Sep",65,"Sep-2008"
"105",2004,"Oct",65,"Oct-2004"
"106",2009,"Oct",65,"Oct-2009"
"107",1997,"Nov",65,"Nov-1997"
"108",2009,"Dec",65,"Dec-2009"
"109",2004,"Mar",64,"Mar-2004"
"110",2011,"Mar",64,"Mar-2011"
"111",2011,"Apr",64,"Apr-2011"
"112",2005,"May",64,"May-2005"
"113",2006,"Jun",64,"Jun-2006"
"114",2010,"Jun",64,"Jun-2010"
"115",2006,"Sep",64,"Sep-2006"
"116",2007,"Sep",64,"Sep-2007"
"117",1997,"Oct",64,"Oct-1997"
"118",1998,"Mar",63,"Mar-1998"
"119",2006,"Mar",63,"Mar-2006"
"120",1998,"Apr",63,"Apr-1998"
"121",2012,"Aug",63,"Aug-2012"
"122",2004,"Apr",62,"Apr-2004"
"123",2003,"May",62,"May-2003"
"124",2012,"Jun",62,"Jun-2012"
"125",2007,"Jul",62,"Jul-2007"
"126",2005,"Aug",62,"Aug-2005"
"127",1998,"Jan",61,"Jan-1998"
"128",2009,"Jan",61,"Jan-2009"
"129",2013,"May",61,"May-2013"
"130",2001,"Jul",61,"Jul-2001"
"131",2002,"Jul",61,"Jul-2002"
"132",2010,"Jul",61,"Jul-2010"
"133",2010,"Sep",61,"Sep-2010"
"134",2009,"Apr",60,"Apr-2009"
"135",2008,"Jul",60,"Jul-2008"
"136",2007,"Aug",60,"Aug-2007"
"137",2005,"Feb",59,"Feb-2005"
"138",2000,"Mar",59,"Mar-2000"
"139",2000,"Apr",59,"Apr-2000"
"140",2013,"Jul",59,"Jul-2013"
"141",2007,"Oct",59,"Oct-2007"
"142",2002,"Nov",59,"Nov-2002"
"143",1997,"Dec",59,"Dec-1997"
"144",2004,"Jan",58,"Jan-2004"
"145",2000,"Feb",58,"Feb-2000"
"146",2002,"Apr",58,"Apr-2002"
"147",2001,"May",58,"May-2001"
"148",2007,"Jun",58,"Jun-2007"
"149",2011,"Jun",58,"Jun-2011"
"150",1988,"Jan",57,"Jan-1988"
"151",2006,"Jan",57,"Jan-2006"
"152",2001,"Mar",57,"Mar-2001"
"153",2003,"Mar",57,"Mar-2003"
"154",2012,"Mar",57,"Mar-2012"
"155",2012,"Jul",57,"Jul-2012"
"156",2014,"Jul",57,"Jul-2014"
"157",2002,"Oct",57,"Oct-2002"
"158",2007,"Nov",57,"Nov-2007"
"159",2011,"Nov",57,"Nov-2011"
"160",1981,"Jan",56,"Jan-1981"
"161",2013,"Feb",56,"Feb-2013"
"162",2011,"Sep",56,"Sep-2011"
"163",1998,"Dec",56,"Dec-1998"
"164",2003,"Feb",55,"Feb-2003"
"165",1990,"Apr",55,"Apr-1990"
"166",2003,"Apr",55,"Apr-2003"
"167",2003,"Jul",55,"Jul-2003"
"168",2002,"Aug",55,"Aug-2002"
"169",1997,"Sep",55,"Sep-1997"
"170",2001,"Sep",55,"Sep-2001"
"171",2001,"Dec",55,"Dec-2001"
"172",1991,"Jun",54,"Jun-1991"
"173",1997,"Jun",54,"Jun-1997"
"174",2001,"Jun",54,"Jun-2001"
"175",2006,"Jul",54,"Jul-2006"
"176",2003,"Nov",54,"Nov-2003"
"177",2008,"Dec",54,"Dec-2008"
"178",2011,"Dec",54,"Dec-2011"
"179",2009,"Feb",53,"Feb-2009"
"180",2011,"Feb",53,"Feb-2011"
"181",2009,"Mar",53,"Mar-2009"
"182",2008,"Apr",53,"Apr-2008"
"183",2013,"Apr",53,"Apr-2013"
"184",2011,"May",53,"May-2011"
"185",2002,"Jun",53,"Jun-2002"
"186",2004,"Sep",53,"Sep-2004"
"187",2004,"Dec",53,"Dec-2004"
"188",2012,"Dec",53,"Dec-2012"
"189",1983,"Jan",52,"Jan-1983"
"190",2014,"Feb",52,"Feb-2014"
"191",1991,"Apr",52,"Apr-1991"
"192",2001,"Apr",52,"Apr-2001"
"193",2011,"Jan",51,"Jan-2011"
"194",1997,"Mar",51,"Mar-1997"
"195",1991,"Jul",51,"Jul-1991"
"196",2001,"Oct",51,"Oct-2001"
"197",1995,"Jan",50,"Jan-1995"
"198",1991,"Feb",50,"Feb-1991"
"199",2006,"Apr",50,"Apr-2006"
"200",2008,"May",50,"May-2008"
"201",1991,"Sep",50,"Sep-1991"
"202",1998,"Nov",50,"Nov-1998"
"203",1996,"Feb",49,"Feb-1996"
"204",2012,"Feb",49,"Feb-2012"
"205",1988,"Mar",49,"Mar-1988"
"206",2007,"Dec",49,"Dec-2007"
"207",1999,"Jan",48,"Jan-1999"
"208",1981,"Mar",48,"Mar-1981"
"209",2003,"Jun",48,"Jun-2003"
"210",2008,"Jun",48,"Jun-2008"
"211",1996,"Aug",48,"Aug-1996"
"212",2001,"Aug",48,"Aug-2001"
"213",1995,"Oct",48,"Oct-1995"
"214",2010,"Dec",48,"Dec-2010"
"215",1992,"Mar",47,"Mar-1992"
"216",1995,"Apr",47,"Apr-1995"
"217",1995,"Jul",47,"Jul-1995"
"218",1995,"Aug",47,"Aug-1995"
"219",1979,"Dec",47,"Dec-1979"
"220",1987,"Dec",47,"Dec-1987"
"221",2012,"Jan",46,"Jan-2012"
"222",1987,"Feb",46,"Feb-1987"
"223",1990,"May",46,"May-1990"
"224",2006,"May",46,"May-2006"
"225",1988,"Aug",46,"Aug-1988"
"226",1998,"Oct",46,"Oct-1998"
"227",1990,"Nov",46,"Nov-1990"
"228",1994,"Nov",46,"Nov-1994"
"229",1999,"Dec",46,"Dec-1999"
"230",2001,"Feb",45,"Feb-2001"
"231",1988,"Apr",45,"Apr-1988"
"232",1987,"Jul",45,"Jul-1987"
"233",1998,"Sep",45,"Sep-1998"
"234",1992,"Jan",44,"Jan-1992"
"235",1995,"Mar",44,"Mar-1995"
"236",1988,"May",44,"May-1988"
"237",1995,"Jun",44,"Jun-1995"
"238",2004,"Aug",44,"Aug-2004"
"239",2008,"Aug",44,"Aug-2008"
"240",1995,"Nov",44,"Nov-1995"
"241",2001,"Jan",43,"Jan-2001"
"242",2000,"Jun",43,"Jun-2000"
"243",1990,"Jul",43,"Jul-1990"
"244",2000,"Aug",43,"Aug-2000"
"245",1999,"Sep",43,"Sep-1999"
"246",1999,"Oct",43,"Oct-1999"
"247",2002,"Dec",43,"Dec-2002"
"248",1991,"Jan",42,"Jan-1991"
"249",1980,"Feb",42,"Feb-1980"
"250",1992,"Feb",42,"Feb-1992"
"251",1983,"Mar",42,"Mar-1983"
"252",2004,"May",42,"May-2004"
"253",1988,"Jun",42,"Jun-1988"
"254",2004,"Jun",42,"Jun-2004"
"255",2000,"Jul",42,"Jul-2000"
"256",1991,"Aug",42,"Aug-1991"
"257",1997,"Aug",42,"Aug-1997"
"258",2000,"Sep",42,"Sep-2000"
"259",1990,"Oct",42,"Oct-1990"
"260",1982,"Dec",42,"Dec-1982"
"261",1990,"Dec",42,"Dec-1990"
"262",1944,"Jan",41,"Jan-1944"
"263",1981,"Feb",41,"Feb-1981"
"264",1988,"Feb",41,"Feb-1988"
"265",1990,"Feb",41,"Feb-1990"
"266",1994,"Apr",41,"Apr-1994"
"267",1994,"Jun",41,"Jun-1994"
"268",1999,"Jul",41,"Jul-1999"
"269",1988,"Sep",41,"Sep-1988"
"270",1994,"Oct",41,"Oct-1994"
"271",1996,"Nov",41,"Nov-1996"
"272",1999,"Nov",41,"Nov-1999"
"273",1981,"Dec",41,"Dec-1981"
"274",1958,"Jan",40,"Jan-1958"
"275",1990,"Jan",40,"Jan-1990"
"276",1983,"Feb",40,"Feb-1983"
"277",1939,"Dec",40,"Dec-1939"
"278",1996,"Dec",40,"Dec-1996"
"279",1986,"Feb",39,"Feb-1986"
"280",1993,"Feb",39,"Feb-1993"
"281",1991,"May",39,"May-1991"
"282",2000,"May",39,"May-2000"
"283",1987,"Sep",39,"Sep-1987"
"284",1988,"Oct",39,"Oct-1988"
"285",1997,"May",38,"May-1997"
"286",1990,"Jun",38,"Jun-1990"
"287",1983,"Sep",38,"Sep-1983"
"288",1993,"Jan",37,"Jan-1993"
"289",1997,"Feb",37,"Feb-1997"
"290",1996,"Apr",37,"Apr-1996"
"291",1997,"Apr",37,"Apr-1997"
"292",1999,"Jun",37,"Jun-1999"
"293",1989,"Dec",37,"Dec-1989"
"294",1987,"Jan",36,"Jan-1987"
"295",2008,"Feb",36,"Feb-2008"
"296",1989,"Mar",36,"Mar-1989"
"297",1987,"Jun",36,"Jun-1987"
"298",1989,"Sep",36,"Sep-1989"
"299",1994,"Dec",36,"Dec-1994"
"300",1989,"Feb",35,"Feb-1989"
"301",1991,"Mar",35,"Mar-1991"
"302",1993,"Mar",35,"Mar-1993"
"303",1983,"May",35,"May-1983"
"304",1988,"Jul",35,"Jul-1988"
"305",1996,"Jul",35,"Jul-1996"
"306",1997,"Jul",35,"Jul-1997"
"307",1989,"Aug",35,"Aug-1989"
"308",1944,"Mar",34,"Mar-1944"
"309",1999,"Mar",34,"Mar-1999"
"310",1980,"May",34,"May-1980"
"311",1981,"Jul",34,"Jul-1981"
"312",1981,"Aug",34,"Aug-1981"
"313",1999,"Aug",34,"Aug-1999"
"314",1995,"Sep",34,"Sep-1995"
"315",1988,"Dec",34,"Dec-1988"
"316",1996,"Mar",33,"Mar-1996"
"317",1989,"Apr",33,"Apr-1989"
"318",1999,"Apr",33,"Apr-1999"
"319",1984,"May",33,"May-1984"
"320",1989,"Jul",33,"Jul-1989"
"321",2000,"Nov",33,"Nov-2000"
"322",1997,"Jan",32,"Jan-1997"
"323",1980,"Apr",32,"Apr-1980"
"324",1992,"May",32,"May-1992"
"325",1999,"May",32,"May-1999"
"326",1987,"Oct",32,"Oct-1987"
"327",1989,"Oct",32,"Oct-1989"
"328",1991,"Oct",32,"Oct-1991"
"329",1991,"Dec",32,"Dec-1991"
"330",1944,"Feb",31,"Feb-1944"
"331",1981,"Apr",31,"Apr-1981"
"332",1994,"Jul",31,"Jul-1994"
"333",1944,"Sep",31,"Sep-1944"
"334",1994,"Sep",31,"Sep-1994"
"335",1991,"Nov",31,"Nov-1991"
"336",1980,"Jan",30,"Jan-1980"
"337",1984,"Jan",30,"Jan-1984"
"338",1986,"Jan",30,"Jan-1986"
"339",1994,"Jan",30,"Jan-1994"
"340",1973,"Feb",30,"Feb-1973"
"341",1983,"Apr",30,"Apr-1983"
"342",1977,"May",30,"May-1977"
"343",1981,"Jun",30,"Jun-1981"
"344",1983,"Aug",30,"Aug-1983"
"345",1990,"Sep",30,"Sep-1990"
"346",2000,"Oct",30,"Oct-2000"
"347",1983,"Nov",30,"Nov-1983"
"348",2000,"Dec",30,"Dec-2000"
"349",1980,"Mar",29,"Mar-1980"
"350",1984,"Mar",29,"Mar-1984"
"351",1986,"Mar",29,"Mar-1986"
"352",1996,"May",29,"May-1996"
"353",1990,"Aug",29,"Aug-1990"
"354",1943,"Oct",29,"Oct-1943"
"355",1979,"Nov",29,"Nov-1979"
"356",1980,"Nov",29,"Nov-1980"
"357",1995,"Dec",29,"Dec-1995"
"358",1973,"Jan",28,"Jan-1973"
"359",1994,"May",28,"May-1994"
"360",1995,"May",28,"May-1995"
"361",1980,"Jul",28,"Jul-1980"
"362",1993,"Jul",28,"Jul-1993"
"363",1987,"Aug",28,"Aug-1987"
"364",1943,"Dec",28,"Dec-1943"
"365",1996,"Jan",27,"Jan-1996"
"366",1944,"Apr",27,"Apr-1944"
"367",1977,"Apr",27,"Apr-1977"
"368",1993,"Apr",27,"Apr-1993"
"369",1979,"Sep",27,"Sep-1979"
"370",1944,"Oct",27,"Oct-1944"
"371",1969,"Dec",27,"Dec-1969"
"372",2000,"Jan",26,"Jan-2000"
"373",1973,"Mar",26,"Mar-1973"
"374",1994,"Mar",26,"Mar-1994"
"375",1986,"Apr",26,"Apr-1986"
"376",1944,"May",26,"May-1944"
"377",1986,"May",26,"May-1986"
"378",1993,"May",26,"May-1993"
"379",1996,"Jun",26,"Jun-1996"
"380",2004,"Jul",26,"Jul-2004"
"381",1996,"Sep",26,"Sep-1996"
"382",1942,"Jan",25,"Jan-1942"
"383",1977,"Mar",25,"Mar-1977"
"384",1973,"Apr",25,"Apr-1973"
"385",1973,"May",25,"May-1973"
"386",1981,"May",25,"May-1981"
"387",1987,"May",25,"May-1987"
"388",1977,"Jun",25,"Jun-1977"
"389",1945,"Aug",25,"Aug-1945"
"390",1963,"Aug",25,"Aug-1963"
"391",1979,"Oct",25,"Oct-1979"
"392",1943,"Nov",25,"Nov-1943"
"393",2008,"Jan",24,"Jan-2008"
"394",1958,"Feb",24,"Feb-1958"
"395",1945,"Apr",24,"Apr-1945"
"396",1987,"Apr",24,"Apr-1987"
"397",1992,"Apr",24,"Apr-1992"
"398",1992,"Jun",24,"Jun-1992"
"399",1980,"Aug",24,"Aug-1980"
"400",1941,"Oct",24,"Oct-1941"
"401",1987,"Nov",24,"Nov-1987"
"402",1941,"Feb",23,"Feb-1941"
"403",1944,"Jun",23,"Jun-1944"
"404",1993,"Jun",23,"Jun-1993"
"405",1944,"Jul",23,"Jul-1944"
"406",1977,"Jul",23,"Jul-1977"
"407",1944,"Aug",23,"Aug-1944"
"408",1994,"Aug",23,"Aug-1994"
"409",1993,"Oct",23,"Oct-1993"
"410",1970,"Feb",22,"Feb-1970"
"411",1945,"Sep",22,"Sep-1945"
"412",1945,"Oct",22,"Oct-1945"
"413",1992,"Dec",22,"Dec-1992"
"414",1985,"Jan",21,"Jan-1985"
"415",1943,"Feb",21,"Feb-1943"
"416",1968,"Mar",21,"Mar-1968"
"417",1980,"Sep",21,"Sep-1980"
"418",1981,"Nov",21,"Nov-1981"
"419",1989,"Nov",21,"Nov-1989"
"420",1980,"Dec",21,"Dec-1980"
"421",1926,"Jan",20,"Jan-1926"
"422",1977,"Feb",20,"Feb-1977"
"423",1978,"Mar",20,"Mar-1978"
"424",1953,"Apr",20,"Apr-1953"
"425",1969,"May",20,"May-1969"
"426",1963,"Sep",20,"Sep-1963"
"427",1980,"Oct",20,"Oct-1980"
"428",1996,"Oct",20,"Oct-1996"
"429",1977,"Nov",20,"Nov-1977"
"430",1963,"Feb",19,"Feb-1963"
"431",1959,"Mar",19,"Mar-1959"
"432",1979,"Mar",19,"Mar-1979"
"433",1969,"Apr",19,"Apr-1969"
"434",1977,"Aug",19,"Aug-1977"
"435",1984,"Sep",19,"Sep-1984"
"436",1940,"Dec",19,"Dec-1940"
"437",1993,"Dec",19,"Dec-1993"
"438",1977,"Jan",18,"Jan-1977"
"439",1961,"Feb",18,"Feb-1961"
"440",1984,"Feb",18,"Feb-1984"
"441",1983,"Jun",18,"Jun-1983"
"442",1972,"Aug",18,"Aug-1972"
"443",1960,"Dec",18,"Dec-1960"
"444",1972,"Dec",18,"Dec-1972"
"445",1985,"Mar",17,"Mar-1985"
"446",1987,"Mar",17,"Mar-1987"
"447",1985,"May",17,"May-1985"
"448",1989,"May",17,"May-1989"
"449",1985,"Jun",17,"Jun-1985"
"450",1981,"Sep",17,"Sep-1981"
"451",1983,"Dec",17,"Dec-1983"
"452",1952,"Jan",16,"Jan-1952"
"453",1953,"Feb",16,"Feb-1953"
"454",1940,"Apr",16,"Apr-1940"
"455",1959,"Apr",16,"Apr-1959"
"456",1975,"May",16,"May-1975"
"457",1982,"May",16,"May-1982"
"458",1957,"Jun",16,"Jun-1957"
"459",1973,"Jun",16,"Jun-1973"
"460",1980,"Jun",16,"Jun-1980"
"461",1984,"Jul",16,"Jul-1984"
"462",1978,"Nov",16,"Nov-1978"
"463",1957,"Dec",16,"Dec-1957"
"464",1986,"Dec",16,"Dec-1986"
"465",1946,"Jan",15,"Jan-1946"
"466",1989,"Jan",15,"Jan-1989"
"467",1961,"Apr",15,"Apr-1961"
"468",1978,"Apr",15,"Apr-1978"
"469",1941,"Jul",15,"Jul-1941"
"470",1983,"Jul",15,"Jul-1983"
"471",1984,"Aug",15,"Aug-1984"
"472",1982,"Sep",15,"Sep-1982"
"473",1963,"Oct",15,"Oct-1963"
"474",1983,"Oct",15,"Oct-1983"
"475",1963,"Nov",15,"Nov-1963"
"476",1951,"Dec",15,"Dec-1951"
"477",1985,"Dec",15,"Dec-1985"
"478",1932,"Jan",14,"Jan-1932"
"479",1979,"Jan",14,"Jan-1979"
"480",1889,"Feb",14,"Feb-1889"
"481",1960,"Feb",14,"Feb-1960"
"482",1962,"Feb",14,"Feb-1962"
"483",1978,"Feb",14,"Feb-1978"
"484",1982,"Feb",14,"Feb-1982"
"485",1942,"Apr",14,"Apr-1942"
"486",1967,"May",14,"May-1967"
"487",1989,"Jun",14,"Jun-1989"
"488",1943,"Jul",14,"Jul-1943"
"489",1941,"Aug",14,"Aug-1941"
"490",1957,"Aug",14,"Aug-1957"
"491",1979,"Aug",14,"Aug-1979"
"492",1985,"Aug",14,"Aug-1985"
"493",1937,"Sep",14,"Sep-1937"
"494",1985,"Sep",14,"Sep-1985"
"495",1984,"Oct",14,"Oct-1984"
"496",1986,"Oct",14,"Oct-1986"
"497",1930,"Nov",14,"Nov-1930"
"498",1982,"Nov",14,"Nov-1982"
"499",1941,"Jan",13,"Jan-1941"
"500",1945,"Jan",13,"Jan-1945"
"501",1926,"Mar",13,"Mar-1926"
"502",1975,"Mar",13,"Mar-1975"
"503",1943,"Apr",13,"Apr-1943"
"504",1979,"Apr",13,"Apr-1979"
"505",1942,"May",13,"May-1942"
"506",1961,"May",13,"May-1961"
"507",1979,"Jun",13,"Jun-1979"
"508",1982,"Jul",13,"Jul-1982"
"509",1986,"Jul",13,"Jul-1986"
"510",1992,"Jul",13,"Jul-1992"
"511",1993,"Aug",13,"Aug-1993"
"512",1981,"Oct",13,"Oct-1981"
"513",1982,"Oct",13,"Oct-1982"
"514",1942,"Nov",13,"Nov-1942"
"515",1988,"Nov",13,"Nov-1988"
"516",1941,"Dec",13,"Dec-1941"
"517",1952,"Feb",12,"Feb-1952"
"518",1940,"Mar",12,"Mar-1940"
"519",1942,"Mar",12,"Mar-1942"
"520",1962,"Mar",12,"Mar-1962"
"521",1961,"Jun",12,"Jun-1961"
"522",1986,"Jun",12,"Jun-1986"
"523",1986,"Aug",12,"Aug-1986"
"524",1940,"Sep",12,"Sep-1940"
"525",1968,"Oct",12,"Oct-1968"
"526",1973,"Oct",12,"Oct-1973"
"527",1940,"Nov",12,"Nov-1940"
"528",1941,"Nov",12,"Nov-1941"
"529",1944,"Nov",12,"Nov-1944"
"530",1969,"Nov",12,"Nov-1969"
"531",1942,"Dec",12,"Dec-1942"
"532",1955,"Jan",11,"Jan-1955"
"533",1935,"Feb",11,"Feb-1935"
"534",1945,"Mar",11,"Mar-1945"
"535",1953,"Mar",11,"Mar-1953"
"536",1985,"Apr",11,"Apr-1985"
"537",1974,"Aug",11,"Aug-1974"
"538",1943,"Sep",11,"Sep-1943"
"539",1970,"Sep",11,"Sep-1970"
"540",1993,"Sep",11,"Sep-1993"
"541",1938,"Oct",11,"Oct-1938"
"542",1969,"Oct",11,"Oct-1969"
"543",1985,"Oct",11,"Oct-1985"
"544",1992,"Oct",11,"Oct-1992"
"545",1899,"Nov",11,"Nov-1899"
"546",1986,"Nov",11,"Nov-1986"
"547",1978,"Dec",11,"Dec-1978"
"548",1958,"Mar",10,"Mar-1958"
"549",1941,"Apr",10,"Apr-1941"
"550",1946,"Apr",10,"Apr-1946"
"551",1941,"May",10,"May-1941"
"552",1943,"May",10,"May-1943"
"553",1945,"May",10,"May-1945"
"554",1942,"Jun",10,"Jun-1942"
"555",1940,"Jul",10,"Jul-1940"
"556",1969,"Sep",10,"Sep-1969"
"557",1945,"Nov",10,"Nov-1945"
"558",1925,"Dec",10,"Dec-1925"
"559",1949,"Jan",9,"Jan-1949"
"560",1953,"Jan",9,"Jan-1953"
"561",1970,"Jan",9,"Jan-1970"
"562",1982,"Jan",9,"Jan-1982"
"563",1959,"Feb",9,"Feb-1959"
"564",1961,"Mar",9,"Mar-1961"
"565",1970,"Apr",9,"Apr-1970"
"566",1982,"Apr",9,"Apr-1982"
"567",1953,"May",9,"May-1953"
"568",1958,"May",9,"May-1958"
"569",1973,"Jul",9,"Jul-1973"
"570",1992,"Aug",9,"Aug-1992"
"571",1937,"Oct",9,"Oct-1937"
"572",1972,"Oct",9,"Oct-1972"
"573",1937,"Nov",9,"Nov-1937"
"574",1985,"Nov",9,"Nov-1985"
"575",1976,"Dec",9,"Dec-1976"
"576",1882,"Jan",8,"Jan-1882"
"577",1962,"Jan",8,"Jan-1962"
"578",1978,"Jan",8,"Jan-1978"
"579",1926,"Feb",8,"Feb-1926"
"580",1984,"Apr",8,"Apr-1984"
"581",1957,"May",8,"May-1957"
"582",1953,"Jun",8,"Jun-1953"
"583",1963,"Jul",8,"Jul-1963"
"584",1966,"Jul",8,"Jul-1966"
"585",1953,"Aug",8,"Aug-1953"
"586",1982,"Aug",8,"Aug-1982"
"587",1951,"Sep",8,"Sep-1951"
"588",1952,"Sep",8,"Sep-1952"
"589",1954,"Nov",8,"Nov-1954"
"590",1961,"Jan",7,"Jan-1961"
"591",1975,"Jan",7,"Jan-1975"
"592",1882,"Feb",7,"Feb-1882"
"593",1975,"Feb",7,"Feb-1975"
"594",1970,"Mar",7,"Mar-1970"
"595",1948,"May",7,"May-1948"
"596",1978,"May",7,"May-1978"
"597",1945,"Jul",7,"Jul-1945"
"598",1978,"Jul",7,"Jul-1978"
"599",1952,"Aug",7,"Aug-1952"
"600",1900,"Oct",7,"Oct-1900"
"601",1940,"Oct",7,"Oct-1940"
"602",1960,"Oct",7,"Oct-1960"
"603",1967,"Oct",7,"Oct-1967"
"604",1957,"Nov",7,"Nov-1957"
"605",1962,"Nov",7,"Nov-1962"
"606",1993,"Nov",7,"Nov-1993"
"607",1959,"Jan",6,"Jan-1959"
"608",1937,"Feb",6,"Feb-1937"
"609",1940,"Feb",6,"Feb-1940"
"610",1946,"Feb",6,"Feb-1946"
"611",1941,"Mar",6,"Mar-1941"
"612",1915,"Apr",6,"Apr-1915"
"613",1975,"Apr",6,"Apr-1975"
"614",1940,"May",6,"May-1940"
"615",1959,"May",6,"May-1959"
"616",1962,"Jun",6,"Jun-1962"
"617",1958,"Jul",6,"Jul-1958"
"618",1959,"Jul",6,"Jul-1959"
"619",1953,"Sep",6,"Sep-1953"
"620",1957,"Sep",6,"Sep-1957"
"621",1973,"Sep",6,"Sep-1973"
"622",1942,"Oct",6,"Oct-1942"
"623",1947,"Oct",6,"Oct-1947"
"624",1951,"Oct",6,"Oct-1951"
"625",1973,"Nov",6,"Nov-1973"
"626",1948,"Jan",5,"Jan-1948"
"627",1938,"Mar",5,"Mar-1938"
"628",1947,"Mar",5,"Mar-1947"
"629",1938,"Apr",5,"Apr-1938"
"630",1962,"Apr",5,"Apr-1962"
"631",1979,"May",5,"May-1979"
"632",1940,"Jun",5,"Jun-1940"
"633",1969,"Jun",5,"Jun-1969"
"634",1982,"Jun",5,"Jun-1982"
"635",1952,"Jul",5,"Jul-1952"
"636",1951,"Aug",5,"Aug-1951"
"637",1960,"Sep",5,"Sep-1960"
"638",1961,"Sep",5,"Sep-1961"
"639",1978,"Sep",5,"Sep-1978"
"640",1953,"Oct",5,"Oct-1953"
"641",1939,"Nov",5,"Nov-1939"
"642",1944,"Dec",5,"Dec-1944"
"643",1977,"Dec",5,"Dec-1977"
"644",1942,"Feb",4,"Feb-1942"
"645",1994,"Feb",4,"Feb-1994"
"646",1889,"Mar",4,"Mar-1889"
"647",1901,"Mar",4,"Mar-1901"
"648",1966,"Mar",4,"Mar-1966"
"649",1889,"Apr",4,"Apr-1889"
"650",1947,"Apr",4,"Apr-1947"
"651",1941,"Jun",4,"Jun-1941"
"652",1972,"Jun",4,"Jun-1972"
"653",1984,"Jun",4,"Jun-1984"
"654",1955,"Aug",4,"Aug-1955"
"655",1970,"Oct",4,"Oct-1970"
"656",1977,"Oct",4,"Oct-1977"
"657",1984,"Nov",4,"Nov-1984"
"658",1992,"Nov",4,"Nov-1992"
"659",1953,"Dec",4,"Dec-1953"
"660",1967,"Mar",3,"Mar-1967"
"661",1963,"Jun",3,"Jun-1963"
"662",1882,"Aug",3,"Aug-1882"
"663",1937,"Aug",3,"Aug-1937"
"664",1943,"Aug",3,"Aug-1943"
"665",1969,"Aug",3,"Aug-1969"
"666",1938,"Sep",3,"Sep-1938"
"667",1972,"Sep",3,"Sep-1972"
"668",1896,"Oct",3,"Oct-1896"
"669",1958,"Oct",3,"Oct-1958"
"670",1923,"Nov",3,"Nov-1923"
"671",1925,"Nov",3,"Nov-1925"
"672",1961,"Nov",3,"Nov-1961"
"673",1972,"Nov",3,"Nov-1972"
"674",1945,"Feb",2,"Feb-1945"
"675",1972,"Mar",2,"Mar-1972"
"676",1945,"Jun",2,"Jun-1945"
"677",1959,"Jun",2,"Jun-1959"
"678",1966,"Jun",2,"Jun-1966"
"679",1942,"Jul",2,"Jul-1942"
"680",1953,"Jul",2,"Jul-1953"
"681",1972,"Jul",2,"Jul-1972"
"682",1979,"Jul",2,"Jul-1979"
"683",1961,"Aug",2,"Aug-1961"
"684",1967,"Aug",2,"Aug-1967"
"685",1973,"Aug",2,"Aug-1973"
"686",1941,"Sep",2,"Sep-1941"
"687",1977,"Sep",2,"Sep-1977"
"688",1986,"Sep",2,"Sep-1986"
"689",1958,"Nov",2,"Nov-1958"
"690",1914,"Jan",1,"Jan-1914"
"691",1882,"Mar",1,"Mar-1882"
"692",1900,"Mar",1,"Mar-1900"
"693",1943,"Mar",1,"Mar-1943"
"694",1952,"Apr",1,"Apr-1952"
"695",1958,"Apr",1,"Apr-1958"
"696",1960,"Jun",1,"Jun-1960"
"697",1931,"Jul",1,"Jul-1931"
"698",1957,"Jul",1,"Jul-1957"
"699",1967,"Jul",1,"Jul-1967"
"700",1940,"Aug",1,"Aug-1940"
"701",1900,"Sep",1,"Sep-1900"
"702",1957,"Oct",1,"Oct-1957"
"703",1938,"Nov",1,"Nov-1938"
"704",1970,"Nov",1,"Nov-1970"
"705",1958,"Dec",1,"Dec-1958"
"706",1938,"Jan",0,"Jan-1938"
"707",1966,"Feb",0,"Feb-1966"
"708",1881,"Mar",0,"Mar-1881"
"709",1946,"Mar",0,"Mar-1946"
"710",1969,"Mar",0,"Mar-1969"
"711",1947,"Jun",0,"Jun-1947"
"712",1951,"Jul",0,"Jul-1951"
"713",1931,"Aug",0,"Aug-1931"
"714",1960,"Aug",0,"Aug-1960"
"715",1939,"Sep",0,"Sep-1939"
"716",1992,"Sep",0,"Sep-1992"
"717",1888,"Oct",0,"Oct-1888"
"718",1961,"Oct",0,"Oct-1961"
"719",1978,"Oct",0,"Oct-1978"
"720",1963,"Dec",0,"Dec-1963"
"721",1943,"Jan",-1,"Jan-1943"
"722",1960,"Jan",-1,"Jan-1960"
"723",1976,"Jan",-1,"Jan-1976"
"724",1949,"Mar",-1,"Mar-1949"
"725",1982,"Mar",-1,"Mar-1982"
"726",1972,"Apr",-1,"Apr-1972"
"727",1974,"May",-1,"May-1974"
"728",1943,"Jun",-1,"Jun-1943"
"729",1969,"Jul",-1,"Jul-1969"
"730",1985,"Jul",-1,"Jul-1985"
"731",1959,"Aug",-1,"Aug-1959"
"732",1965,"Aug",-1,"Aug-1965"
"733",1942,"Sep",-1,"Sep-1942"
"734",1962,"Sep",-1,"Sep-1962"
"735",1966,"Sep",-1,"Sep-1966"
"736",1971,"Sep",-1,"Sep-1971"
"737",1899,"Oct",-1,"Oct-1899"
"738",1927,"Oct",-1,"Oct-1927"
"739",1931,"Oct",-1,"Oct-1931"
"740",1954,"Oct",-1,"Oct-1954"
"741",1947,"Nov",-1,"Nov-1947"
"742",1951,"Nov",-1,"Nov-1951"
"743",1952,"Dec",-1,"Dec-1952"
"744",1962,"Dec",-1,"Dec-1962"
"745",1971,"Jan",-2,"Jan-1971"
"746",1915,"Feb",-2,"Feb-1915"
"747",1897,"Apr",-2,"Apr-1897"
"748",1897,"May",-2,"May-1897"
"749",1915,"May",-2,"May-1915"
"750",1951,"May",-2,"May-1951"
"751",1975,"Jun",-2,"Jun-1975"
"752",1960,"Jul",-2,"Jul-1960"
"753",1962,"Jul",-2,"Jul-1962"
"754",1962,"Aug",-2,"Aug-1962"
"755",1882,"Sep",-2,"Sep-1882"
"756",1899,"Sep",-2,"Sep-1899"
"757",1946,"Sep",-2,"Sep-1946"
"758",1888,"Nov",-2,"Nov-1888"
"759",1934,"Nov",-2,"Nov-1934"
"760",1946,"Nov",-2,"Nov-1946"
"761",1966,"Nov",-2,"Nov-1966"
"762",1967,"Dec",-2,"Dec-1967"
"763",1963,"Jan",-3,"Jan-1963"
"764",1906,"Apr",-3,"Apr-1906"
"765",1957,"Apr",-3,"Apr-1957"
"766",1889,"May",-3,"May-1889"
"767",1972,"May",-3,"May-1972"
"768",1970,"Jun",-3,"Jun-1970"
"769",1978,"Jun",-3,"Jun-1978"
"770",1961,"Jul",-3,"Jul-1961"
"771",1974,"Jul",-3,"Jul-1974"
"772",1975,"Jul",-3,"Jul-1975"
"773",1881,"Aug",-3,"Aug-1881"
"774",1942,"Aug",-3,"Aug-1942"
"775",1971,"Aug",-3,"Aug-1971"
"776",1895,"Sep",-3,"Sep-1895"
"777",1958,"Sep",-3,"Sep-1958"
"778",1975,"Sep",-3,"Sep-1975"
"779",1949,"Oct",-3,"Oct-1949"
"780",1962,"Oct",-3,"Oct-1962"
"781",1891,"Dec",-3,"Dec-1891"
"782",1936,"Dec",-3,"Dec-1936"
"783",1959,"Dec",-3,"Dec-1959"
"784",1921,"Jan",-4,"Jan-1921"
"785",1928,"Jan",-4,"Jan-1928"
"786",1934,"Feb",-4,"Feb-1934"
"787",1938,"Feb",-4,"Feb-1938"
"788",1881,"Apr",-4,"Apr-1881"
"789",1946,"May",-4,"May-1946"
"790",1952,"Jun",-4,"Jun-1952"
"791",1915,"Jul",-4,"Jul-1915"
"792",1937,"Jul",-4,"Jul-1937"
"793",1970,"Jul",-4,"Jul-1970"
"794",1897,"Aug",-4,"Aug-1897"
"795",1899,"Aug",-4,"Aug-1899"
"796",1900,"Aug",-4,"Aug-1900"
"797",1938,"Aug",-4,"Aug-1938"
"798",1967,"Sep",-4,"Sep-1967"
"799",1918,"Oct",-4,"Oct-1918"
"800",1936,"Oct",-4,"Oct-1936"
"801",1939,"Oct",-4,"Oct-1939"
"802",1952,"Oct",-4,"Oct-1952"
"803",1965,"Oct",-4,"Oct-1965"
"804",1927,"Nov",-4,"Nov-1927"
"805",1968,"Nov",-4,"Nov-1968"
"806",1971,"Nov",-4,"Nov-1971"
"807",1913,"Dec",-4,"Dec-1913"
"808",1902,"Feb",-5,"Feb-1902"
"809",1957,"Feb",-5,"Feb-1957"
"810",1957,"Mar",-5,"Mar-1957"
"811",1974,"Mar",-5,"Mar-1974"
"812",1963,"Apr",-5,"Apr-1963"
"813",1967,"Apr",-5,"Apr-1967"
"814",1968,"Apr",-5,"Apr-1968"
"815",1881,"May",-5,"May-1881"
"816",1952,"May",-5,"May-1952"
"817",1970,"May",-5,"May-1970"
"818",1948,"Jun",-5,"Jun-1948"
"819",1951,"Jun",-5,"Jun-1951"
"820",1958,"Jun",-5,"Jun-1958"
"821",1974,"Jun",-5,"Jun-1974"
"822",1939,"Aug",-5,"Aug-1939"
"823",1896,"Sep",-5,"Sep-1896"
"824",1897,"Sep",-5,"Sep-1897"
"825",1927,"Sep",-5,"Sep-1927"
"826",1955,"Oct",-5,"Oct-1955"
"827",1936,"Nov",-5,"Nov-1936"
"828",1953,"Nov",-5,"Nov-1953"
"829",1965,"Dec",-5,"Dec-1965"
"830",1964,"Jan",-6,"Jan-1964"
"831",1967,"Jan",-6,"Jan-1967"
"832",1901,"Feb",-6,"Feb-1901"
"833",1976,"Feb",-6,"Feb-1976"
"834",1931,"Mar",-6,"Mar-1931"
"835",1947,"May",-6,"May-1947"
"836",1962,"May",-6,"May-1962"
"837",1971,"May",-6,"May-1971"
"838",1931,"Jun",-6,"Jun-1931"
"839",1950,"Jun",-6,"Jun-1950"
"840",1968,"Jun",-6,"Jun-1968"
"841",1889,"Jul",-6,"Jul-1889"
"842",1897,"Jul",-6,"Jul-1897"
"843",1936,"Jul",-6,"Jul-1936"
"844",1939,"Jul",-6,"Jul-1939"
"845",1958,"Aug",-6,"Aug-1958"
"846",1931,"Sep",-6,"Sep-1931"
"847",1936,"Sep",-6,"Sep-1936"
"848",1954,"Sep",-6,"Sep-1954"
"849",1959,"Sep",-6,"Sep-1959"
"850",1914,"Oct",-6,"Oct-1914"
"851",1921,"Oct",-6,"Oct-1921"
"852",1946,"Oct",-6,"Oct-1946"
"853",1971,"Oct",-6,"Oct-1971"
"854",1926,"Nov",-6,"Nov-1926"
"855",1965,"Nov",-6,"Nov-1965"
"856",1967,"Nov",-6,"Nov-1967"
"857",1976,"Nov",-6,"Nov-1976"
"858",1885,"Dec",-6,"Dec-1885"
"859",1923,"Dec",-6,"Dec-1923"
"860",1966,"Dec",-6,"Dec-1966"
"861",1973,"Dec",-6,"Dec-1973"
"862",1984,"Dec",-6,"Dec-1984"
"863",1898,"Jan",-7,"Jan-1898"
"864",1903,"Feb",-7,"Feb-1903"
"865",1985,"Feb",-7,"Feb-1985"
"866",1950,"Mar",-7,"Mar-1950"
"867",1901,"Apr",-7,"Apr-1901"
"868",1932,"Apr",-7,"Apr-1932"
"869",1900,"May",-7,"May-1900"
"870",1937,"May",-7,"May-1937"
"871",1939,"May",-7,"May-1939"
"872",1937,"Jun",-7,"Jun-1937"
"873",1955,"Jun",-7,"Jun-1955"
"874",1964,"Jun",-7,"Jun-1964"
"875",1881,"Jul",-7,"Jul-1881"
"876",1896,"Jul",-7,"Jul-1896"
"877",1947,"Jul",-7,"Jul-1947"
"878",1964,"Jul",-7,"Jul-1964"
"879",1948,"Oct",-7,"Oct-1948"
"880",1974,"Oct",-7,"Oct-1974"
"881",1974,"Nov",-7,"Nov-1974"
"882",1965,"Jan",-8,"Jan-1965"
"883",1900,"Feb",-8,"Feb-1900"
"884",1947,"Feb",-8,"Feb-1947"
"885",1920,"Mar",-8,"Mar-1920"
"886",1930,"Mar",-8,"Mar-1930"
"887",1949,"Apr",-8,"Apr-1949"
"888",1938,"May",-8,"May-1938"
"889",1949,"May",-8,"May-1949"
"890",1960,"May",-8,"May-1960"
"891",1939,"Jun",-8,"Jun-1939"
"892",1965,"Jun",-8,"Jun-1965"
"893",1967,"Jun",-8,"Jun-1967"
"894",1880,"Aug",-8,"Aug-1880"
"895",1949,"Aug",-8,"Aug-1949"
"896",1949,"Sep",-8,"Sep-1949"
"897",1930,"Oct",-8,"Oct-1930"
"898",1935,"Oct",-8,"Oct-1935"
"899",1959,"Oct",-8,"Oct-1959"
"900",1949,"Nov",-8,"Nov-1949"
"901",1971,"Dec",-8,"Dec-1971"
"902",1979,"Feb",-9,"Feb-1979"
"903",1915,"Mar",-9,"Mar-1915"
"904",1971,"Apr",-9,"Apr-1971"
"905",1963,"May",-9,"May-1963"
"906",1883,"Jul",-9,"Jul-1883"
"907",1900,"Jul",-9,"Jul-1900"
"908",1938,"Jul",-9,"Jul-1938"
"909",1946,"Jul",-9,"Jul-1946"
"910",1950,"Jul",-9,"Jul-1950"
"911",1955,"Jul",-9,"Jul-1955"
"912",1946,"Aug",-9,"Aug-1946"
"913",1947,"Aug",-9,"Aug-1947"
"914",1888,"Sep",-9,"Sep-1888"
"915",1976,"Sep",-9,"Sep-1976"
"916",1975,"Oct",-9,"Oct-1975"
"917",1905,"Nov",-9,"Nov-1905"
"918",1948,"Nov",-9,"Nov-1948"
"919",1959,"Nov",-9,"Nov-1959"
"920",1930,"Dec",-9,"Dec-1930"
"921",1934,"Dec",-9,"Dec-1934"
"922",1974,"Dec",-9,"Dec-1974"
"923",1954,"Feb",-10,"Feb-1954"
"924",1952,"Mar",-10,"Mar-1952"
"925",1948,"Apr",-10,"Apr-1948"
"926",1951,"Apr",-10,"Apr-1951"
"927",1974,"Apr",-10,"Apr-1974"
"928",1976,"Apr",-10,"Apr-1976"
"929",1966,"May",-10,"May-1966"
"930",1968,"May",-10,"May-1968"
"931",1888,"Jul",-10,"Jul-1888"
"932",1901,"Jul",-10,"Jul-1901"
"933",1896,"Aug",-10,"Aug-1896"
"934",1926,"Aug",-10,"Aug-1926"
"935",1930,"Aug",-10,"Aug-1930"
"936",1934,"Aug",-10,"Aug-1934"
"937",1948,"Aug",-10,"Aug-1948"
"938",1966,"Aug",-10,"Aug-1966"
"939",1881,"Sep",-10,"Sep-1881"
"940",1930,"Sep",-10,"Sep-1930"
"941",1948,"Sep",-10,"Sep-1948"
"942",1950,"Sep",-10,"Sep-1950"
"943",1897,"Oct",-10,"Oct-1897"
"944",1932,"Oct",-10,"Oct-1932"
"945",1928,"Nov",-10,"Nov-1928"
"946",1914,"Dec",-10,"Dec-1914"
"947",1931,"Dec",-10,"Dec-1931"
"948",1945,"Dec",-10,"Dec-1945"
"949",1956,"Dec",-10,"Dec-1956"
"950",1881,"Jan",-11,"Jan-1881"
"951",1931,"Jan",-11,"Jan-1931"
"952",1937,"Jan",-11,"Jan-1937"
"953",1969,"Jan",-11,"Jan-1969"
"954",1965,"Mar",-11,"Mar-1965"
"955",1934,"May",-11,"May-1934"
"956",1901,"Jun",-11,"Jun-1901"
"957",1882,"Jul",-11,"Jul-1882"
"958",1934,"Jul",-11,"Jul-1934"
"959",1956,"Jul",-11,"Jul-1956"
"960",1968,"Jul",-11,"Jul-1968"
"961",1968,"Aug",-11,"Aug-1968"
"962",1970,"Aug",-11,"Aug-1970"
"963",1926,"Sep",-11,"Sep-1926"
"964",1926,"Oct",-11,"Oct-1926"
"965",1934,"Oct",-11,"Oct-1934"
"966",1960,"Nov",-11,"Nov-1960"
"967",1884,"Feb",-12,"Feb-1884"
"968",1928,"Feb",-12,"Feb-1928"
"969",1939,"Feb",-12,"Feb-1939"
"970",1964,"Feb",-12,"Feb-1964"
"971",1924,"Mar",-12,"Mar-1924"
"972",1954,"Mar",-12,"Mar-1954"
"973",1939,"Apr",-12,"Apr-1939"
"974",1950,"May",-12,"May-1950"
"975",1883,"Jun",-12,"Jun-1883"
"976",1889,"Jun",-12,"Jun-1889"
"977",1965,"Jul",-12,"Jul-1965"
"978",1971,"Jul",-12,"Jul-1971"
"979",1976,"Jul",-12,"Jul-1976"
"980",1888,"Aug",-12,"Aug-1888"
"981",1936,"Aug",-12,"Aug-1936"
"982",1954,"Aug",-12,"Aug-1954"
"983",1932,"Sep",-12,"Sep-1932"
"984",1955,"Sep",-12,"Sep-1955"
"985",1974,"Sep",-12,"Sep-1974"
"986",1883,"Oct",-12,"Oct-1883"
"987",1895,"Oct",-12,"Oct-1895"
"988",1937,"Dec",-12,"Dec-1937"
"989",1939,"Jan",-13,"Jan-1939"
"990",1947,"Jan",-13,"Jan-1947"
"991",1957,"Jan",-13,"Jan-1957"
"992",1897,"Mar",-13,"Mar-1897"
"993",1922,"Mar",-13,"Mar-1922"
"994",1935,"Mar",-13,"Mar-1935"
"995",1966,"Apr",-13,"Apr-1966"
"996",1927,"Jul",-13,"Jul-1927"
"997",1948,"Jul",-13,"Jul-1948"
"998",1949,"Jul",-13,"Jul-1949"
"999",1883,"Aug",-13,"Aug-1883"
"1000",1915,"Sep",-13,"Sep-1915"
"1001",1923,"Oct",-13,"Oct-1923"
"1002",1915,"Nov",-13,"Nov-1915"
"1003",1931,"Nov",-13,"Nov-1931"
"1004",1888,"Dec",-13,"Dec-1888"
"1005",1895,"Dec",-13,"Dec-1895"
"1006",1896,"Dec",-13,"Dec-1896"
"1007",1970,"Dec",-13,"Dec-1970"
"1008",1974,"Jan",-14,"Jan-1974"
"1009",1912,"Feb",-14,"Feb-1912"
"1010",1914,"Feb",-14,"Feb-1914"
"1011",1948,"Feb",-14,"Feb-1948"
"1012",1969,"Feb",-14,"Feb-1969"
"1013",1963,"Mar",-14,"Mar-1963"
"1014",1965,"May",-14,"May-1965"
"1015",1897,"Jun",-14,"Jun-1897"
"1016",1934,"Jun",-14,"Jun-1934"
"1017",1893,"Jul",-14,"Jul-1893"
"1018",1899,"Jul",-14,"Jul-1899"
"1019",1901,"Aug",-14,"Aug-1901"
"1020",1891,"Sep",-14,"Sep-1891"
"1021",1914,"Sep",-14,"Sep-1914"
"1022",1918,"Sep",-14,"Sep-1918"
"1023",1925,"Sep",-14,"Sep-1925"
"1024",1947,"Sep",-14,"Sep-1947"
"1025",1900,"Nov",-14,"Nov-1900"
"1026",1929,"Nov",-14,"Nov-1929"
"1027",1968,"Dec",-14,"Dec-1968"
"1028",1881,"Feb",-15,"Feb-1881"
"1029",1968,"Feb",-15,"Feb-1968"
"1030",1891,"Mar",-15,"Mar-1891"
"1031",1900,"Apr",-15,"Apr-1900"
"1032",1926,"Apr",-15,"Apr-1926"
"1033",1880,"May",-15,"May-1880"
"1034",1896,"Jun",-15,"Jun-1896"
"1035",1954,"Jun",-15,"Jun-1954"
"1036",1956,"Jun",-15,"Jun-1956"
"1037",1976,"Jun",-15,"Jun-1976"
"1038",1905,"Sep",-15,"Sep-1905"
"1039",1934,"Sep",-15,"Sep-1934"
"1040",1965,"Sep",-15,"Sep-1965"
"1041",1929,"Oct",-15,"Oct-1929"
"1042",1966,"Oct",-15,"Oct-1966"
"1043",1900,"Dec",-15,"Dec-1900"
"1044",1961,"Dec",-15,"Dec-1961"
"1045",1920,"Jan",-16,"Jan-1920"
"1046",1940,"Jan",-16,"Jan-1940"
"1047",1956,"Jan",-16,"Jan-1956"
"1048",1966,"Jan",-16,"Jan-1966"
"1049",1892,"Feb",-16,"Feb-1892"
"1050",1896,"Feb",-16,"Feb-1896"
"1051",1906,"Mar",-16,"Mar-1906"
"1052",1960,"Apr",-16,"Apr-1960"
"1053",1900,"Jun",-16,"Jun-1900"
"1054",1915,"Jun",-16,"Jun-1915"
"1055",1921,"Jul",-16,"Jul-1921"
"1056",1930,"Jul",-16,"Jul-1930"
"1057",1954,"Jul",-16,"Jul-1954"
"1058",1914,"Aug",-16,"Aug-1914"
"1059",1915,"Aug",-16,"Aug-1915"
"1060",1919,"Oct",-16,"Oct-1919"
"1061",1918,"Nov",-16,"Nov-1918"
"1062",1921,"Nov",-16,"Nov-1921"
"1063",1975,"Nov",-16,"Nov-1975"
"1064",1949,"Feb",-17,"Feb-1949"
"1065",1965,"Feb",-17,"Feb-1965"
"1066",1972,"Feb",-17,"Feb-1972"
"1067",1937,"Mar",-17,"Mar-1937"
"1068",1919,"Apr",-17,"Apr-1919"
"1069",1937,"Apr",-17,"Apr-1937"
"1070",1936,"May",-17,"May-1936"
"1071",1930,"Jun",-17,"Jun-1930"
"1072",1938,"Jun",-17,"Jun-1938"
"1073",1946,"Jun",-17,"Jun-1946"
"1074",1886,"Jul",-17,"Jul-1886"
"1075",1895,"Aug",-17,"Aug-1895"
"1076",1935,"Aug",-17,"Aug-1935"
"1077",1950,"Aug",-17,"Aug-1950"
"1078",1880,"Sep",-17,"Sep-1880"
"1079",1901,"Sep",-17,"Sep-1901"
"1080",1919,"Sep",-17,"Sep-1919"
"1081",1921,"Sep",-17,"Sep-1921"
"1082",1935,"Sep",-17,"Sep-1935"
"1083",1880,"Oct",-17,"Oct-1880"
"1084",1892,"Oct",-17,"Oct-1892"
"1085",1893,"Oct",-17,"Oct-1893"
"1086",1925,"Oct",-17,"Oct-1925"
"1087",1895,"Nov",-17,"Nov-1895"
"1088",1896,"Nov",-17,"Nov-1896"
"1089",1922,"Nov",-17,"Nov-1922"
"1090",1952,"Nov",-17,"Nov-1952"
"1091",1956,"Nov",-17,"Nov-1956"
"1092",1881,"Dec",-17,"Dec-1881"
"1093",1922,"Dec",-17,"Dec-1922"
"1094",1975,"Dec",-17,"Dec-1975"
"1095",1932,"Feb",-18,"Feb-1932"
"1096",1883,"Mar",-18,"Mar-1883"
"1097",1971,"Mar",-18,"Mar-1971"
"1098",1954,"Apr",-18,"Apr-1954"
"1099",1882,"May",-18,"May-1882"
"1100",1891,"May",-18,"May-1891"
"1101",1971,"Jun",-18,"Jun-1971"
"1102",1895,"Jul",-18,"Jul-1895"
"1103",1889,"Aug",-18,"Aug-1889"
"1104",1925,"Aug",-18,"Aug-1925"
"1105",1976,"Aug",-18,"Aug-1976"
"1106",1978,"Aug",-18,"Aug-1978"
"1107",1968,"Sep",-18,"Sep-1968"
"1108",1894,"Oct",-18,"Oct-1894"
"1109",1928,"Oct",-18,"Oct-1928"
"1110",1893,"Nov",-18,"Nov-1893"
"1111",1901,"Nov",-18,"Nov-1901"
"1112",1904,"Nov",-18,"Nov-1904"
"1113",1947,"Dec",-18,"Dec-1947"
"1114",1954,"Dec",-18,"Dec-1954"
"1115",1884,"Jan",-19,"Jan-1884"
"1116",1899,"Jan",-19,"Jan-1899"
"1117",1880,"Mar",-19,"Mar-1880"
"1118",1951,"Mar",-19,"Mar-1951"
"1119",1901,"May",-19,"May-1901"
"1120",1924,"May",-19,"May-1924"
"1121",1954,"May",-19,"May-1954"
"1122",1936,"Jun",-19,"Jun-1936"
"1123",1935,"Jul",-19,"Jul-1935"
"1124",1919,"Aug",-19,"Aug-1919"
"1125",1927,"Aug",-19,"Aug-1927"
"1126",1883,"Sep",-19,"Sep-1883"
"1127",1889,"Sep",-19,"Sep-1889"
"1128",1893,"Sep",-19,"Sep-1893"
"1129",1917,"Sep",-19,"Sep-1917"
"1130",1928,"Sep",-19,"Sep-1928"
"1131",1897,"Nov",-19,"Nov-1897"
"1132",1883,"Dec",-19,"Dec-1883"
"1133",1906,"Dec",-19,"Dec-1906"
"1134",1921,"Dec",-19,"Dec-1921"
"1135",1949,"Dec",-19,"Dec-1949"
"1136",1916,"Jan",-20,"Jan-1916"
"1137",1897,"Feb",-20,"Feb-1897"
"1138",1927,"Feb",-20,"Feb-1927"
"1139",1967,"Feb",-20,"Feb-1967"
"1140",1971,"Feb",-20,"Feb-1971"
"1141",1932,"Mar",-20,"Mar-1932"
"1142",1939,"Mar",-20,"Mar-1939"
"1143",1882,"Apr",-20,"Apr-1882"
"1144",1912,"Apr",-20,"Apr-1912"
"1145",1936,"Apr",-20,"Apr-1936"
"1146",1965,"Apr",-20,"Apr-1965"
"1147",1914,"May",-20,"May-1914"
"1148",1919,"May",-20,"May-1919"
"1149",1955,"May",-20,"May-1955"
"1150",1892,"Jun",-20,"Jun-1892"
"1151",1887,"Jul",-20,"Jul-1887"
"1152",1926,"Jul",-20,"Jul-1926"
"1153",1933,"Jul",-20,"Jul-1933"
"1154",1892,"Aug",-20,"Aug-1892"
"1155",1906,"Aug",-20,"Aug-1906"
"1156",1975,"Aug",-20,"Aug-1975"
"1157",1885,"Sep",-20,"Sep-1885"
"1158",1886,"Sep",-20,"Sep-1886"
"1159",1887,"Sep",-20,"Sep-1887"
"1160",1898,"Sep",-20,"Sep-1898"
"1161",1920,"Sep",-20,"Sep-1920"
"1162",1885,"Oct",-20,"Oct-1885"
"1163",1950,"Oct",-20,"Oct-1950"
"1164",1880,"Nov",-20,"Nov-1880"
"1165",1913,"Nov",-20,"Nov-1913"
"1166",1928,"Dec",-20,"Dec-1928"
"1167",1950,"Dec",-20,"Dec-1950"
"1168",1889,"Jan",-21,"Jan-1889"
"1169",1902,"Jan",-21,"Jan-1902"
"1170",1915,"Jan",-21,"Jan-1915"
"1171",1880,"Feb",-21,"Feb-1880"
"1172",1919,"Feb",-21,"Feb-1919"
"1173",1921,"Feb",-21,"Feb-1921"
"1174",1955,"Feb",-21,"Feb-1955"
"1175",1918,"Mar",-21,"Mar-1918"
"1176",1922,"Apr",-21,"Apr-1922"
"1177",1931,"Apr",-21,"Apr-1931"
"1178",1950,"Apr",-21,"Apr-1950"
"1179",1896,"May",-21,"May-1896"
"1180",1899,"May",-21,"May-1899"
"1181",1906,"May",-21,"May-1906"
"1182",1912,"May",-21,"May-1912"
"1183",1887,"Jun",-21,"Jun-1887"
"1184",1888,"Jun",-21,"Jun-1888"
"1185",1898,"Jun",-21,"Jun-1898"
"1186",1918,"Jul",-21,"Jul-1918"
"1187",1919,"Jul",-21,"Jul-1919"
"1188",1928,"Jul",-21,"Jul-1928"
"1189",1905,"Aug",-21,"Aug-1905"
"1190",1964,"Aug",-21,"Aug-1964"
"1191",1956,"Sep",-21,"Sep-1956"
"1192",1881,"Oct",-21,"Oct-1881"
"1193",1906,"Oct",-21,"Oct-1906"
"1194",1883,"Nov",-21,"Nov-1883"
"1195",1911,"Nov",-21,"Nov-1911"
"1196",1914,"Nov",-21,"Nov-1914"
"1197",1964,"Nov",-21,"Nov-1964"
"1198",1919,"Jan",-22,"Jan-1919"
"1199",1931,"Feb",-22,"Feb-1931"
"1200",1894,"Mar",-22,"Mar-1894"
"1201",1964,"Mar",-22,"Mar-1964"
"1202",1976,"Mar",-22,"Mar-1976"
"1203",1899,"Apr",-22,"Apr-1899"
"1204",1931,"May",-22,"May-1931"
"1205",1932,"May",-22,"May-1932"
"1206",1906,"Jun",-22,"Jun-1906"
"1207",1949,"Jun",-22,"Jun-1949"
"1208",1891,"Aug",-22,"Aug-1891"
"1209",1902,"Sep",-22,"Sep-1902"
"1210",1882,"Nov",-22,"Nov-1882"
"1211",1880,"Dec",-22,"Dec-1880"
"1212",1905,"Dec",-22,"Dec-1905"
"1213",1935,"Dec",-22,"Dec-1935"
"1214",1897,"Jan",-23,"Jan-1897"
"1215",1968,"Jan",-23,"Jan-1968"
"1216",1916,"Feb",-23,"Feb-1916"
"1217",1920,"Feb",-23,"Feb-1920"
"1218",1925,"Mar",-23,"Mar-1925"
"1219",1936,"Mar",-23,"Mar-1936"
"1220",1948,"Mar",-23,"Mar-1948"
"1221",1956,"Mar",-23,"Mar-1956"
"1222",1895,"Apr",-23,"Apr-1895"
"1223",1955,"Apr",-23,"Apr-1955"
"1224",1888,"May",-23,"May-1888"
"1225",1976,"May",-23,"May-1976"
"1226",1891,"Jun",-23,"Jun-1891"
"1227",1914,"Jun",-23,"Jun-1914"
"1228",1935,"Jun",-23,"Jun-1935"
"1229",1891,"Jul",-23,"Jul-1891"
"1230",1898,"Jul",-23,"Jul-1898"
"1231",1898,"Aug",-23,"Aug-1898"
"1232",1933,"Aug",-23,"Aug-1933"
"1233",1894,"Sep",-23,"Sep-1894"
"1234",1929,"Sep",-23,"Sep-1929"
"1235",1882,"Oct",-23,"Oct-1882"
"1236",1884,"Oct",-23,"Oct-1884"
"1237",1889,"Oct",-23,"Oct-1889"
"1238",1890,"Oct",-23,"Oct-1890"
"1239",1915,"Oct",-23,"Oct-1915"
"1240",1885,"Nov",-23,"Nov-1885"
"1241",1924,"Nov",-23,"Nov-1924"
"1242",1894,"Dec",-23,"Dec-1894"
"1243",1898,"Dec",-23,"Dec-1898"
"1244",1932,"Dec",-23,"Dec-1932"
"1245",1948,"Dec",-23,"Dec-1948"
"1246",1896,"Jan",-24,"Jan-1896"
"1247",1924,"Jan",-24,"Jan-1924"
"1248",1972,"Jan",-24,"Jan-1972"
"1249",1930,"Feb",-24,"Feb-1930"
"1250",1885,"Mar",-24,"Mar-1885"
"1251",1903,"Mar",-24,"Mar-1903"
"1252",1914,"Mar",-24,"Mar-1914"
"1253",1933,"Apr",-24,"Apr-1933"
"1254",1895,"May",-24,"May-1895"
"1255",1927,"May",-24,"May-1927"
"1256",1893,"Jun",-24,"Jun-1893"
"1257",1923,"Jun",-24,"Jun-1923"
"1258",1880,"Jul",-24,"Jul-1880"
"1259",1917,"Jul",-24,"Jul-1917"
"1260",1932,"Jul",-24,"Jul-1932"
"1261",1893,"Aug",-24,"Aug-1893"
"1262",1921,"Aug",-24,"Aug-1921"
"1263",1932,"Aug",-24,"Aug-1932"
"1264",1884,"Sep",-24,"Sep-1884"
"1265",1891,"Oct",-24,"Oct-1891"
"1266",1905,"Oct",-24,"Oct-1905"
"1267",1933,"Oct",-24,"Oct-1933"
"1268",1956,"Oct",-24,"Oct-1956"
"1269",1956,"Feb",-25,"Feb-1956"
"1270",1893,"Mar",-25,"Mar-1893"
"1271",1907,"Mar",-25,"Mar-1907"
"1272",1919,"Mar",-25,"Mar-1919"
"1273",1883,"Apr",-25,"Apr-1883"
"1274",1925,"Apr",-25,"Apr-1925"
"1275",1930,"Apr",-25,"Apr-1930"
"1276",1892,"May",-25,"May-1892"
"1277",1920,"May",-25,"May-1920"
"1278",1926,"May",-25,"May-1926"
"1279",1930,"May",-25,"May-1930"
"1280",1933,"May",-25,"May-1933"
"1281",1964,"May",-25,"May-1964"
"1282",1926,"Jun",-25,"Jun-1926"
"1283",1905,"Jul",-25,"Jul-1905"
"1284",1914,"Jul",-25,"Jul-1914"
"1285",1928,"Aug",-25,"Aug-1928"
"1286",1956,"Aug",-25,"Aug-1956"
"1287",1906,"Sep",-25,"Sep-1906"
"1288",1907,"Oct",-25,"Oct-1907"
"1289",1915,"Dec",-25,"Dec-1915"
"1290",1892,"Jan",-26,"Jan-1892"
"1291",1950,"Feb",-26,"Feb-1950"
"1292",1905,"Mar",-26,"Mar-1905"
"1293",1891,"Apr",-26,"Apr-1891"
"1294",1916,"Apr",-26,"Apr-1916"
"1295",1920,"Apr",-26,"Apr-1920"
"1296",1956,"Apr",-26,"Apr-1956"
"1297",1883,"May",-26,"May-1883"
"1298",1935,"May",-26,"May-1935"
"1299",1882,"Jun",-26,"Jun-1882"
"1300",1895,"Jun",-26,"Jun-1895"
"1301",1884,"Aug",-26,"Aug-1884"
"1302",1892,"Sep",-26,"Sep-1892"
"1303",1933,"Sep",-26,"Sep-1933"
"1304",1886,"Oct",-26,"Oct-1886"
"1305",1911,"Oct",-26,"Oct-1911"
"1306",1976,"Oct",-26,"Oct-1976"
"1307",1894,"Nov",-26,"Nov-1894"
"1308",1882,"Dec",-26,"Dec-1882"
"1309",1886,"Dec",-26,"Dec-1886"
"1310",1911,"Dec",-26,"Dec-1911"
"1311",1938,"Dec",-26,"Dec-1938"
"1312",1934,"Jan",-27,"Jan-1934"
"1313",1934,"Apr",-27,"Apr-1934"
"1314",1899,"Jun",-27,"Jun-1899"
"1315",1912,"Jun",-27,"Jun-1912"
"1316",1927,"Jun",-27,"Jun-1927"
"1317",1902,"Jul",-27,"Jul-1902"
"1318",1906,"Jul",-27,"Jul-1906"
"1319",1922,"Jul",-27,"Jul-1922"
"1320",1924,"Jul",-27,"Jul-1924"
"1321",1916,"Aug",-27,"Aug-1916"
"1322",1917,"Aug",-27,"Aug-1917"
"1323",1918,"Aug",-27,"Aug-1918"
"1324",1881,"Nov",-27,"Nov-1881"
"1325",1886,"Nov",-27,"Nov-1886"
"1326",1887,"Nov",-27,"Nov-1887"
"1327",1932,"Nov",-27,"Nov-1932"
"1328",1897,"Dec",-27,"Dec-1897"
"1329",1912,"Jan",-28,"Jan-1912"
"1330",1923,"Jan",-28,"Jan-1923"
"1331",1927,"Jan",-28,"Jan-1927"
"1332",1954,"Jan",-28,"Jan-1954"
"1333",1924,"Feb",-28,"Feb-1924"
"1334",1974,"Feb",-28,"Feb-1974"
"1335",1921,"Mar",-28,"Mar-1921"
"1336",1928,"Mar",-28,"Mar-1928"
"1337",1880,"Apr",-28,"Apr-1880"
"1338",1928,"Apr",-28,"Apr-1928"
"1339",1886,"May",-28,"May-1886"
"1340",1916,"May",-28,"May-1916"
"1341",1956,"May",-28,"May-1956"
"1342",1890,"Jun",-28,"Jun-1890"
"1343",1919,"Jun",-28,"Jun-1919"
"1344",1892,"Jul",-28,"Jul-1892"
"1345",1885,"Aug",-28,"Aug-1885"
"1346",1887,"Aug",-28,"Aug-1887"
"1347",1902,"Aug",-28,"Aug-1902"
"1348",1929,"Aug",-28,"Aug-1929"
"1349",1923,"Sep",-28,"Sep-1923"
"1350",1902,"Oct",-28,"Oct-1902"
"1351",1955,"Nov",-28,"Nov-1955"
"1352",1899,"Dec",-28,"Dec-1899"
"1353",1903,"Jan",-29,"Jan-1903"
"1354",1930,"Jan",-29,"Jan-1930"
"1355",1936,"Jan",-29,"Jan-1936"
"1356",1933,"Mar",-29,"Mar-1933"
"1357",1888,"Apr",-29,"Apr-1888"
"1358",1902,"Apr",-29,"Apr-1902"
"1359",1914,"Apr",-29,"Apr-1914"
"1360",1880,"Jun",-29,"Jun-1880"
"1361",1881,"Jun",-29,"Jun-1881"
"1362",1918,"Jun",-29,"Jun-1918"
"1363",1924,"Jun",-29,"Jun-1924"
"1364",1885,"Jul",-29,"Jul-1885"
"1365",1923,"Jul",-29,"Jul-1923"
"1366",1925,"Jul",-29,"Jul-1925"
"1367",1894,"Aug",-29,"Aug-1894"
"1368",1920,"Aug",-29,"Aug-1920"
"1369",1923,"Aug",-29,"Aug-1923"
"1370",1922,"Sep",-29,"Sep-1922"
"1371",1964,"Sep",-29,"Sep-1964"
"1372",1916,"Oct",-29,"Oct-1916"
"1373",1920,"Oct",-29,"Oct-1920"
"1374",1917,"Nov",-29,"Nov-1917"
"1375",1919,"Nov",-29,"Nov-1919"
"1376",1935,"Nov",-29,"Nov-1935"
"1377",1946,"Dec",-29,"Dec-1946"
"1378",1880,"Jan",-30,"Jan-1880"
"1379",1901,"Jan",-30,"Jan-1901"
"1380",1950,"Jan",-30,"Jan-1950"
"1381",1885,"Feb",-30,"Feb-1885"
"1382",1895,"Mar",-30,"Mar-1895"
"1383",1902,"Mar",-30,"Mar-1902"
"1384",1886,"Apr",-30,"Apr-1886"
"1385",1927,"Apr",-30,"Apr-1927"
"1386",1964,"Apr",-30,"Apr-1964"
"1387",1925,"May",-30,"May-1925"
"1388",1928,"May",-30,"May-1928"
"1389",1932,"Jun",-30,"Jun-1932"
"1390",1890,"Jul",-30,"Jul-1890"
"1391",1909,"Aug",-30,"Aug-1909"
"1392",1916,"Sep",-30,"Sep-1916"
"1393",1901,"Oct",-30,"Oct-1901"
"1394",1964,"Oct",-30,"Oct-1964"
"1395",1884,"Dec",-30,"Dec-1884"
"1396",1892,"Dec",-30,"Dec-1892"
"1397",1904,"Dec",-30,"Dec-1904"
"1398",1926,"Dec",-30,"Dec-1926"
"1399",1964,"Dec",-30,"Dec-1964"
"1400",1906,"Jan",-31,"Jan-1906"
"1401",1896,"Mar",-31,"Mar-1896"
"1402",1934,"Mar",-31,"Mar-1934"
"1403",1894,"May",-31,"May-1894"
"1404",1902,"May",-31,"May-1902"
"1405",1921,"Jun",-31,"Jun-1921"
"1406",1903,"Jul",-31,"Jul-1903"
"1407",1922,"Aug",-31,"Aug-1922"
"1408",1924,"Sep",-31,"Sep-1924"
"1409",1884,"Nov",-31,"Nov-1884"
"1410",1889,"Nov",-31,"Nov-1889"
"1411",1889,"Dec",-31,"Dec-1889"
"1412",1890,"Dec",-31,"Dec-1890"
"1413",1901,"Dec",-31,"Dec-1901"
"1414",1918,"Dec",-31,"Dec-1918"
"1415",1933,"Feb",-32,"Feb-1933"
"1416",1887,"Mar",-32,"Mar-1887"
"1417",1916,"Mar",-32,"Mar-1916"
"1418",1923,"Mar",-32,"Mar-1923"
"1419",1905,"Jun",-32,"Jun-1905"
"1420",1933,"Jun",-32,"Jun-1933"
"1421",1910,"Jul",-32,"Jul-1910"
"1422",1920,"Jul",-32,"Jul-1920"
"1423",1929,"Jul",-32,"Jul-1929"
"1424",1886,"Aug",-32,"Aug-1886"
"1425",1907,"Sep",-32,"Sep-1907"
"1426",1909,"Nov",-32,"Nov-1909"
"1427",1933,"Nov",-32,"Nov-1933"
"1428",1955,"Dec",-32,"Dec-1955"
"1429",1894,"Feb",-33,"Feb-1894"
"1430",1918,"Feb",-33,"Feb-1918"
"1431",1929,"Mar",-33,"Mar-1929"
"1432",1893,"Apr",-33,"Apr-1893"
"1433",1896,"Apr",-33,"Apr-1896"
"1434",1898,"Apr",-33,"Apr-1898"
"1435",1884,"May",-33,"May-1884"
"1436",1920,"Jun",-33,"Jun-1920"
"1437",1894,"Jul",-33,"Jul-1894"
"1438",1913,"Aug",-33,"Aug-1913"
"1439",1908,"Sep",-33,"Sep-1908"
"1440",1913,"Sep",-33,"Sep-1913"
"1441",1887,"Oct",-33,"Oct-1887"
"1442",1898,"Oct",-33,"Oct-1898"
"1443",1922,"Oct",-33,"Oct-1922"
"1444",1883,"Jan",-34,"Jan-1883"
"1445",1925,"Jan",-34,"Jan-1925"
"1446",1898,"Feb",-34,"Feb-1898"
"1447",1887,"May",-34,"May-1887"
"1448",1905,"May",-34,"May-1905"
"1449",1922,"May",-34,"May-1922"
"1450",1923,"May",-34,"May-1923"
"1451",1922,"Jun",-34,"Jun-1922"
"1452",1925,"Jun",-34,"Jun-1925"
"1453",1916,"Jul",-34,"Jul-1916"
"1454",1910,"Aug",-34,"Aug-1910"
"1455",1920,"Nov",-34,"Nov-1920"
"1456",1922,"Jan",-35,"Jan-1922"
"1457",1933,"Jan",-35,"Jan-1933"
"1458",1951,"Jan",-35,"Jan-1951"
"1459",1906,"Feb",-35,"Feb-1906"
"1460",1925,"Feb",-35,"Feb-1925"
"1461",1884,"Mar",-35,"Mar-1884"
"1462",1924,"Apr",-35,"Apr-1924"
"1463",1935,"Apr",-35,"Apr-1935"
"1464",1893,"May",-35,"May-1893"
"1465",1910,"May",-35,"May-1910"
"1466",1902,"Jun",-35,"Jun-1902"
"1467",1884,"Jul",-35,"Jul-1884"
"1468",1913,"Jul",-35,"Jul-1913"
"1469",1924,"Aug",-35,"Aug-1924"
"1470",1913,"Oct",-35,"Oct-1913"
"1471",1950,"Nov",-35,"Nov-1950"
"1472",1919,"Dec",-35,"Dec-1919"
"1473",1899,"Mar",-36,"Mar-1899"
"1474",1955,"Mar",-36,"Mar-1955"
"1475",1960,"Mar",-36,"Mar-1960"
"1476",1892,"Apr",-36,"Apr-1892"
"1477",1921,"Apr",-36,"Apr-1921"
"1478",1898,"May",-36,"May-1898"
"1479",1921,"May",-36,"May-1921"
"1480",1907,"Jul",-36,"Jul-1907"
"1481",1908,"Jul",-36,"Jul-1908"
"1482",1890,"Sep",-36,"Sep-1890"
"1483",1904,"Oct",-36,"Oct-1904"
"1484",1917,"Oct",-36,"Oct-1917"
"1485",1924,"Oct",-36,"Oct-1924"
"1486",1898,"Nov",-36,"Nov-1898"
"1487",1927,"Dec",-36,"Dec-1927"
"1488",1935,"Jan",-37,"Jan-1935"
"1489",1908,"Feb",-37,"Feb-1908"
"1490",1923,"Feb",-37,"Feb-1923"
"1491",1892,"Mar",-37,"Mar-1892"
"1492",1884,"Apr",-37,"Apr-1884"
"1493",1905,"Apr",-37,"Apr-1905"
"1494",1913,"Apr",-37,"Apr-1913"
"1495",1910,"Jun",-37,"Jun-1910"
"1496",1890,"Aug",-37,"Aug-1890"
"1497",1907,"Aug",-37,"Aug-1907"
"1498",1910,"Sep",-37,"Sep-1910"
"1499",1902,"Nov",-37,"Nov-1902"
"1500",1912,"Mar",-38,"Mar-1912"
"1501",1927,"Mar",-38,"Mar-1927"
"1502",1887,"Apr",-38,"Apr-1887"
"1503",1890,"Apr",-38,"Apr-1890"
"1504",1918,"May",-38,"May-1918"
"1505",1929,"May",-38,"May-1929"
"1506",1884,"Jun",-38,"Jun-1884"
"1507",1909,"Sep",-38,"Sep-1909"
"1508",1911,"Sep",-38,"Sep-1911"
"1509",1890,"Nov",-38,"Nov-1890"
"1510",1891,"Nov",-38,"Nov-1891"
"1511",1905,"Jan",-39,"Jan-1905"
"1512",1936,"Feb",-39,"Feb-1936"
"1513",1917,"Apr",-39,"Apr-1917"
"1514",1923,"Apr",-39,"Apr-1923"
"1515",1908,"Jun",-39,"Jun-1908"
"1516",1910,"Oct",-39,"Oct-1910"
"1517",1906,"Nov",-39,"Nov-1906"
"1518",1912,"Nov",-39,"Nov-1912"
"1519",1887,"Dec",-39,"Dec-1887"
"1520",1893,"Dec",-39,"Dec-1893"
"1521",1910,"Apr",-40,"Apr-1910"
"1522",1918,"Apr",-40,"Apr-1918"
"1523",1929,"Apr",-40,"Apr-1929"
"1524",1886,"Jun",-40,"Jun-1886"
"1525",1909,"Oct",-40,"Oct-1909"
"1526",1903,"Nov",-40,"Nov-1903"
"1527",1900,"Jan",-41,"Jan-1900"
"1528",1899,"Feb",-41,"Feb-1899"
"1529",1903,"Apr",-41,"Apr-1903"
"1530",1907,"Apr",-41,"Apr-1907"
"1531",1908,"May",-41,"May-1908"
"1532",1917,"Jun",-41,"Jun-1917"
"1533",1928,"Jun",-41,"Jun-1928"
"1534",1911,"Jul",-41,"Jul-1911"
"1535",1913,"Jan",-42,"Jan-1913"
"1536",1886,"Mar",-42,"Mar-1886"
"1537",1890,"Mar",-42,"Mar-1890"
"1538",1894,"Apr",-42,"Apr-1894"
"1539",1885,"May",-42,"May-1885"
"1540",1912,"Jul",-42,"Jul-1912"
"1541",1903,"Oct",-42,"Oct-1903"
"1542",1924,"Dec",-42,"Dec-1924"
"1543",1886,"Jan",-43,"Jan-1886"
"1544",1918,"Jan",-43,"Jan-1918"
"1545",1883,"Feb",-43,"Feb-1883"
"1546",1888,"Feb",-43,"Feb-1888"
"1547",1903,"May",-43,"May-1903"
"1548",1929,"Jun",-43,"Jun-1929"
"1549",1911,"Aug",-43,"Aug-1911"
"1550",1903,"Sep",-43,"Sep-1903"
"1551",1916,"Nov",-43,"Nov-1916"
"1552",1912,"Dec",-43,"Dec-1912"
"1553",1888,"Jan",-44,"Jan-1888"
"1554",1895,"Feb",-44,"Feb-1895"
"1555",1910,"Feb",-44,"Feb-1910"
"1556",1913,"Feb",-44,"Feb-1913"
"1557",1922,"Feb",-44,"Feb-1922"
"1558",1951,"Feb",-44,"Feb-1951"
"1559",1913,"Mar",-44,"Mar-1913"
"1560",1894,"Jun",-44,"Jun-1894"
"1561",1907,"Jun",-44,"Jun-1907"
"1562",1916,"Jun",-44,"Jun-1916"
"1563",1909,"Jul",-44,"Jul-1909"
"1564",1903,"Aug",-44,"Aug-1903"
"1565",1904,"Aug",-44,"Aug-1904"
"1566",1908,"Oct",-44,"Oct-1908"
"1567",1895,"Jan",-45,"Jan-1895"
"1568",1907,"Jan",-45,"Jan-1907"
"1569",1910,"Jan",-45,"Jan-1910"
"1570",1885,"Apr",-45,"Apr-1885"
"1571",1903,"Jun",-45,"Jun-1903"
"1572",1908,"Jan",-46,"Jan-1908"
"1573",1886,"Feb",-46,"Feb-1886"
"1574",1908,"Apr",-46,"Apr-1908"
"1575",1913,"May",-46,"May-1913"
"1576",1913,"Jun",-46,"Jun-1913"
"1577",1908,"Aug",-46,"Aug-1908"
"1578",1891,"Jan",-47,"Jan-1891"
"1579",1917,"Jan",-47,"Jan-1917"
"1580",1929,"Jan",-47,"Jan-1929"
"1581",1904,"Mar",-47,"Mar-1904"
"1582",1907,"May",-47,"May-1907"
"1583",1911,"Jun",-47,"Jun-1911"
"1584",1904,"Sep",-47,"Sep-1904"
"1585",1912,"Sep",-47,"Sep-1912"
"1586",1902,"Dec",-47,"Dec-1902"
"1587",1933,"Dec",-47,"Dec-1933"
"1588",1890,"Jan",-48,"Jan-1890"
"1589",1909,"Feb",-48,"Feb-1909"
"1590",1888,"Mar",-48,"Mar-1888"
"1591",1910,"Mar",-48,"Mar-1910"
"1592",1917,"Mar",-48,"Mar-1917"
"1593",1890,"May",-48,"May-1890"
"1594",1903,"Dec",-48,"Dec-1903"
"1595",1920,"Dec",-48,"Dec-1920"
"1596",1887,"Feb",-49,"Feb-1887"
"1597",1890,"Feb",-49,"Feb-1890"
"1598",1917,"May",-49,"May-1917"
"1599",1904,"Jul",-49,"Jul-1904"
"1600",1891,"Feb",-50,"Feb-1891"
"1601",1904,"Jun",-50,"Jun-1904"
"1602",1908,"Dec",-50,"Dec-1908"
"1603",1904,"Apr",-51,"Apr-1904"
"1604",1904,"May",-51,"May-1904"
"1605",1885,"Jun",-51,"Jun-1885"
"1606",1892,"Nov",-51,"Nov-1892"
"1607",1907,"Dec",-51,"Dec-1907"
"1608",1893,"Feb",-52,"Feb-1893"
"1609",1911,"May",-52,"May-1911"
"1610",1912,"Aug",-52,"Aug-1912"
"1611",1907,"Nov",-52,"Nov-1907"
"1612",1908,"Nov",-52,"Nov-1908"
"1613",1907,"Feb",-53,"Feb-1907"
"1614",1909,"Mar",-53,"Mar-1909"
"1615",1909,"Jun",-53,"Jun-1909"
"1616",1917,"Feb",-54,"Feb-1917"
"1617",1904,"Feb",-55,"Feb-1904"
"1618",1909,"May",-55,"May-1909"
"1619",1909,"Dec",-55,"Dec-1909"
"1620",1929,"Dec",-55,"Dec-1929"
"1621",1894,"Jan",-56,"Jan-1894"
"1622",1898,"Mar",-56,"Mar-1898"
"1623",1911,"Apr",-56,"Apr-1911"
"1624",1912,"Oct",-56,"Oct-1912"
"1625",1910,"Nov",-57,"Nov-1910"
"1626",1908,"Mar",-58,"Mar-1908"
"1627",1905,"Feb",-60,"Feb-1905"
"1628",1929,"Feb",-60,"Feb-1929"
"1629",1909,"Apr",-60,"Apr-1909"
"1630",1911,"Feb",-61,"Feb-1911"
"1631",1911,"Mar",-63,"Mar-1911"
"1632",1911,"Jan",-64,"Jan-1911"
"1633",1904,"Jan",-65,"Jan-1904"
"1634",1885,"Jan",-66,"Jan-1885"
"1635",1887,"Jan",-67,"Jan-1887"
"1636",1893,"Jan",-69,"Jan-1893"
"1637",1910,"Dec",-70,"Dec-1910"
"1638",1909,"Jan",-71,"Jan-1909"
"1639",1917,"Dec",-72,"Dec-1917"
"1640",1916,"Dec",-78,"Dec-1916"
